timestamp,type,path
2026-03-24_04-56-29,table,/content/drive/MyDrive/Outputs/Amal/MBZUAI-3/tables/loaded_dataset_snapshot.csv
2026-03-24_04-56-29,text,/content/drive/MyDrive/Outputs/Amal/MBZUAI-3/others/resolved_dataset_path.txt
2026-03-24_04-56-29,table,/content/drive/MyDrive/Outputs/Amal/MBZUAI-3/tables/ton_iot_scored_stage1_corrected.csv
2026-03-24_04-56-29,figure,/content/drive/MyDrive/Outputs/Amal/MBZUAI-3/figures/suspicious_event_volume_across_windows.png
2026-03-24_04-56-29,figure,/content/drive/MyDrive/Outputs/Amal/MBZUAI-3/figures/normalized_suspicious_event_volume_across_windows.png
2026-03-24_04-56-29,figure,/content/drive/MyDrive/Outputs/Amal/MBZUAI-3/figures/suspicious_edge_diversity_across_windows.png
2026-03-24_04-56-29,figure,/content/drive/MyDrive/Outputs/Amal/MBZUAI-3/figures/suspicious_event_rate_across_windows.png
2026-03-24_04-56-29,figure,/content/drive/MyDrive/Outputs/Amal/MBZUAI-3/figures/smoothed_suspicious_edge_diversity_across_windows.png
2026-03-24_04-56-29,figure,/content/drive/MyDrive/Outputs/Amal/MBZUAI-3/figures/smoothed_suspicious_event_rate_across_windows.png
2026-03-24_04-56-29,table,/content/drive/MyDrive/Outputs/Amal/MBZUAI-3/tables/ton_iot_graph_prediction_stage.csv
2026-03-24_04-56-29,table,/content/drive/MyDrive/Outputs/Amal/MBZUAI-3/tables/ton_iot_window_summary.csv
2026-03-24_04-56-29,table,/content/drive/MyDrive/Outputs/Amal/MBZUAI-3/tables/ton_iot_window_graph_stats.csv
2026-03-24_04-56-29,table,/content/drive/MyDrive/Outputs/Amal/MBZUAI-3/tables/ton_iot_source_transition_stage.csv
2026-03-24_04-56-29,table,/content/drive/MyDrive/Outputs/Amal/MBZUAI-3/tables/ton_iot_next_target_bucket_stage.csv
2026-03-24_04-56-29,figure,/content/drive/MyDrive/Outputs/Amal/MBZUAI-3/figures/predictive_node_risk_ranking_performance.png
2026-03-24_04-56-29,table,/content/drive/MyDrive/Outputs/Amal/MBZUAI-3/tables/ton_iot_ranking_results.csv
2026-03-24_04-56-29,table,/content/drive/MyDrive/Outputs/Amal/MBZUAI-3/tables/ton_iot_ranking_summary.csv
